{"info":{"year":"2025","version":"4","description":"Exported from roboflow.com","contributor":"","url":"https://public.roboflow.com/object-detection/undefined","date_created":"2025-06-06T22:56:48+00:00"},"licenses":[{"id":1,"url":"https://creativecommons.org/licenses/by/4.0/","name":"CC BY 4.0"}],"categories":[{"id":0,"name":"objects","supercategory":"none"},{"id":1,"name":"Bajaj","supercategory":"objects"},{"id":2,"name":"Box","supercategory":"objects"},{"id":3,"name":"Hatchback","supercategory":"objects"},{"id":4,"name":"MPV_SUV","supercategory":"objects"},{"id":5,"name":"Minibus","supercategory":"objects"},{"id":6,"name":"Pickup-Truck","supercategory":"objects"},{"id":7,"name":"Sedan","supercategory":"objects"}],"images":[{"id":0,"license":1,"file_name":"screenshot_1749020257375_jpg.rf.0f243606f330c7b6e258b36bf8bb96d2.jpg","height":300,"width":300,"date_captured":"2025-06-06T22:56:48+00:00","extra":{"name":"screenshot_1749020257375.jpg"}},{"id":1,"license":1,"file_name":"screenshot_1749020394023_jpg.rf.16d8c6e1d7b5018e659ba1c67838f0eb.jpg","height":300,"width":300,"date_captured":"2025-06-06T22:56:48+00:00","extra":{"name":"screenshot_1749020394023.jpg"}},{"id":2,"license":1,"file_name":"screenshot_1749020397482_jpg.rf.40cf4f735dd04268cfeef9f67563613d.jpg","height":300,"width":300,"date_captured":"2025-06-06T22:56:48+00:00","extra":{"name":"screenshot_1749020397482.jpg"}},{"id":3,"license":1,"file_name":"screenshot_1749020123714_jpg.rf.1e40bd798f1ed24027352232925e9c92.jpg","height":300,"width":300,"date_captured":"2025-06-06T22:56:48+00:00","extra":{"name":"screenshot_1749020123714.jpg"}},{"id":4,"license":1,"file_name":"screenshot_1749020104962_jpg.rf.5ca4720cdcea1c34a34e1b40bb2733ae.jpg","height":300,"width":300,"date_captured":"2025-06-06T22:56:48+00:00","extra":{"name":"screenshot_1749020104962.jpg"}},{"id":5,"license":1,"file_name":"screenshot_1749020400716_jpg.rf.aca1fee880ff1e14baaa131b0c8acb42.jpg","height":300,"width":300,"date_captured":"2025-06-06T22:56:48+00:00","extra":{"name":"screenshot_1749020400716.jpg"}},{"id":6,"license":1,"file_name":"screenshot_1749020173743_jpg.rf.8045da5d915daa6984258be672a70848.jpg","height":300,"width":300,"date_captured":"2025-06-06T22:56:48+00:00","extra":{"name":"screenshot_1749020173743.jpg"}},{"id":7,"license":1,"file_name":"screenshot_1749020086304_jpg.rf.d90a0038579068cc6b98a66a1261a9ad.jpg","height":300,"width":300,"date_captured":"2025-06-06T22:56:48+00:00","extra":{"name":"screenshot_1749020086304.jpg"}},{"id":8,"license":1,"file_name":"screenshot_1749020422782_jpg.rf.f250b3ed0f32cb8ac02333f409bf3044.jpg","height":300,"width":300,"date_captured":"2025-06-06T22:56:48+00:00","extra":{"name":"screenshot_1749020422782.jpg"}},{"id":9,"license":1,"file_name":"screenshot_1749020508450_jpg.rf.2ec8233942fe30498f535b8220f9e624.jpg","height":300,"width":300,"date_captured":"2025-06-06T22:56:48+00:00","extra":{"name":"screenshot_1749020508450.jpg"}},{"id":10,"license":1,"file_name":"screenshot_1749020496436_jpg.rf.fff44569b53e9a9272fa4f3f969b3e3b.jpg","height":300,"width":300,"date_captured":"2025-06-06T22:56:48+00:00","extra":{"name":"screenshot_1749020496436.jpg"}},{"id":11,"license":1,"file_name":"screenshot_1749020143280_jpg.rf.0b6229495655539358a327c5c2b3397c.jpg","height":300,"width":300,"date_captured":"2025-06-06T22:56:48+00:00","extra":{"name":"screenshot_1749020143280.jpg"}},{"id":12,"license":1,"file_name":"screenshot_1749020637675_jpg.rf.5c719ba00cdad0674378cb5fabdff4fb.jpg","height":300,"width":300,"date_captured":"2025-06-06T22:56:48+00:00","extra":{"name":"screenshot_1749020637675.jpg"}},{"id":13,"license":1,"file_name":"screenshot_1749020502880_jpg.rf.ceadcd523d22ab5a9f9e8da2ec176162.jpg","height":300,"width":300,"date_captured":"2025-06-06T22:56:48+00:00","extra":{"name":"screenshot_1749020502880.jpg"}},{"id":14,"license":1,"file_name":"screenshot_1749020301566_jpg.rf.d516e80305305253342b6bca7e39a68d.jpg","height":300,"width":300,"date_captured":"2025-06-06T22:56:48+00:00","extra":{"name":"screenshot_1749020301566.jpg"}},{"id":15,"license":1,"file_name":"screenshot_1749020661436_jpg.rf.c23678912b6e1bb5ec9545808a1596fb.jpg","height":300,"width":300,"date_captured":"2025-06-06T22:56:48+00:00","extra":{"name":"screenshot_1749020661436.jpg"}},{"id":16,"license":1,"file_name":"screenshot_1749020760194_jpg.rf.1400280fb12c68338a089c70cf8e29c3.jpg","height":300,"width":300,"date_captured":"2025-06-06T22:56:48+00:00","extra":{"name":"screenshot_1749020760194.jpg"}},{"id":17,"license":1,"file_name":"screenshot_1749020141602_jpg.rf.d2b77b853d4c9ba2bf1c1662e2237606.jpg","height":300,"width":300,"date_captured":"2025-06-06T22:56:48+00:00","extra":{"name":"screenshot_1749020141602.jpg"}},{"id":18,"license":1,"file_name":"screenshot_1749020744145_jpg.rf.c5ace3364aff5589e9e1daf2b5290eb5.jpg","height":300,"width":300,"date_captured":"2025-06-06T22:56:48+00:00","extra":{"name":"screenshot_1749020744145.jpg"}},{"id":19,"license":1,"file_name":"screenshot_1749020212316_jpg.rf.483ef41efc82991edbc3b8c194b0b3db.jpg","height":300,"width":300,"date_captured":"2025-06-06T22:56:48+00:00","extra":{"name":"screenshot_1749020212316.jpg"}},{"id":20,"license":1,"file_name":"screenshot_1749020757442_jpg.rf.22f71613f932a8fb09c3f0fbb1beed58.jpg","height":300,"width":300,"date_captured":"2025-06-06T22:56:48+00:00","extra":{"name":"screenshot_1749020757442.jpg"}},{"id":21,"license":1,"file_name":"screenshot_1749020296697_jpg.rf.e23b4f116709244802ba88ca04aa32bd.jpg","height":300,"width":300,"date_captured":"2025-06-06T22:56:48+00:00","extra":{"name":"screenshot_1749020296697.jpg"}},{"id":22,"license":1,"file_name":"screenshot_1749020344562_jpg.rf.8e29b0a08f221aad1757d62cf0aa2968.jpg","height":300,"width":300,"date_captured":"2025-06-06T22:56:48+00:00","extra":{"name":"screenshot_1749020344562.jpg"}},{"id":23,"license":1,"file_name":"screenshot_1749020458686_jpg.rf.17e596bc0457edd1e82d91a616168459.jpg","height":300,"width":300,"date_captured":"2025-06-06T22:56:48+00:00","extra":{"name":"screenshot_1749020458686.jpg"}},{"id":24,"license":1,"file_name":"screenshot_1749020590382_jpg.rf.65c71ed1f067d0dc1d1046a112640574.jpg","height":300,"width":300,"date_captured":"2025-06-06T22:56:48+00:00","extra":{"name":"screenshot_1749020590382.jpg"}},{"id":25,"license":1,"file_name":"screenshot_1749020559854_jpg.rf.2524e3b30c90387251ff4fd1e748c093.jpg","height":300,"width":300,"date_captured":"2025-06-06T22:56:48+00:00","extra":{"name":"screenshot_1749020559854.jpg"}},{"id":26,"license":1,"file_name":"screenshot_1749020191231_jpg.rf.c7ef4b68f4a9203c68aab87f91543855.jpg","height":300,"width":300,"date_captured":"2025-06-06T22:56:48+00:00","extra":{"name":"screenshot_1749020191231.jpg"}},{"id":27,"license":1,"file_name":"screenshot_1749020616924_jpg.rf.5bd9bb1395f91df9c28f8fe73f0e207e.jpg","height":300,"width":300,"date_captured":"2025-06-06T22:56:48+00:00","extra":{"name":"screenshot_1749020616924.jpg"}},{"id":28,"license":1,"file_name":"screenshot_1749020595472_jpg.rf.066ab2e35fcfff51e5e5ea5c6d8e087c.jpg","height":300,"width":300,"date_captured":"2025-06-06T22:56:48+00:00","extra":{"name":"screenshot_1749020595472.jpg"}},{"id":29,"license":1,"file_name":"screenshot_1749020669796_jpg.rf.6e2b55ff09540de9e7daf618eb15fbb1.jpg","height":300,"width":300,"date_captured":"2025-06-06T22:56:48+00:00","extra":{"name":"screenshot_1749020669796.jpg"}},{"id":30,"license":1,"file_name":"screenshot_1749020385796_jpg.rf.75cad92f28cb450344f5aa4df86802f2.jpg","height":300,"width":300,"date_captured":"2025-06-06T22:56:48+00:00","extra":{"name":"screenshot_1749020385796.jpg"}},{"id":31,"license":1,"file_name":"screenshot_1749020625107_jpg.rf.5ff132236ce4d7935be1f912742ed5ea.jpg","height":300,"width":300,"date_captured":"2025-06-06T22:56:48+00:00","extra":{"name":"screenshot_1749020625107.jpg"}},{"id":32,"license":1,"file_name":"screenshot_1749020317548_jpg.rf.221c5dcabeb79651435feff2067d5ce7.jpg","height":300,"width":300,"date_captured":"2025-06-06T22:56:48+00:00","extra":{"name":"screenshot_1749020317548.jpg"}},{"id":33,"license":1,"file_name":"screenshot_1749020336949_jpg.rf.af6c6b2bb2baad3b1286b4f2214f81f0.jpg","height":300,"width":300,"date_captured":"2025-06-06T22:56:48+00:00","extra":{"name":"screenshot_1749020336949.jpg"}},{"id":34,"license":1,"file_name":"screenshot_1749020376464_jpg.rf.aae79f479d1913d61a2e9e237bab660f.jpg","height":300,"width":300,"date_captured":"2025-06-06T22:56:48+00:00","extra":{"name":"screenshot_1749020376464.jpg"}},{"id":35,"license":1,"file_name":"screenshot_1749020705097_jpg.rf.33f747df2eda6ad7bc3d7334d30c3d8e.jpg","height":300,"width":300,"date_captured":"2025-06-06T22:56:48+00:00","extra":{"name":"screenshot_1749020705097.jpg"}},{"id":36,"license":1,"file_name":"screenshot_1749020462148_jpg.rf.ac787f699f01287255752446115ec9ab.jpg","height":300,"width":300,"date_captured":"2025-06-06T22:56:48+00:00","extra":{"name":"screenshot_1749020462148.jpg"}},{"id":37,"license":1,"file_name":"screenshot_1749020283532_jpg.rf.75fbf62ae92d4d7ffa0b878dce18abce.jpg","height":300,"width":300,"date_captured":"2025-06-06T22:56:48+00:00","extra":{"name":"screenshot_1749020283532.jpg"}},{"id":38,"license":1,"file_name":"screenshot_1749020664380_jpg.rf.4fa64ee73fec49fb749ee85babb8c791.jpg","height":300,"width":300,"date_captured":"2025-06-06T22:56:48+00:00","extra":{"name":"screenshot_1749020664380.jpg"}},{"id":39,"license":1,"file_name":"screenshot_1749020305282_jpg.rf.d8936f5bece169398659bf5859aa1a7d.jpg","height":300,"width":300,"date_captured":"2025-06-06T22:56:48+00:00","extra":{"name":"screenshot_1749020305282.jpg"}},{"id":40,"license":1,"file_name":"screenshot_1749020580656_jpg.rf.bf17529d97871b0f807cf605d16f75e5.jpg","height":300,"width":300,"date_captured":"2025-06-06T22:56:48+00:00","extra":{"name":"screenshot_1749020580656.jpg"}},{"id":41,"license":1,"file_name":"screenshot_1749020741767_jpg.rf.e6879b32946367430084788e4a1622fb.jpg","height":300,"width":300,"date_captured":"2025-06-06T22:56:48+00:00","extra":{"name":"screenshot_1749020741767.jpg"}},{"id":42,"license":1,"file_name":"screenshot_1749020431748_jpg.rf.be5ddd5181ed346c437114ad52425927.jpg","height":300,"width":300,"date_captured":"2025-06-06T22:56:48+00:00","extra":{"name":"screenshot_1749020431748.jpg"}},{"id":43,"license":1,"file_name":"screenshot_1749020322730_jpg.rf.82610fe6ebd0c416f314e957f3825da0.jpg","height":300,"width":300,"date_captured":"2025-06-06T22:56:48+00:00","extra":{"name":"screenshot_1749020322730.jpg"}},{"id":44,"license":1,"file_name":"screenshot_1749020521828_jpg.rf.68d349e85ed74f4e76b215d3f9495c28.jpg","height":300,"width":300,"date_captured":"2025-06-06T22:56:48+00:00","extra":{"name":"screenshot_1749020521828.jpg"}},{"id":45,"license":1,"file_name":"screenshot_1749020271353_jpg.rf.b3a0759dd4033bccb4e76c73834c273c.jpg","height":300,"width":300,"date_captured":"2025-06-06T22:56:48+00:00","extra":{"name":"screenshot_1749020271353.jpg"}},{"id":46,"license":1,"file_name":"screenshot_1749020583180_jpg.rf.c0c65bb49df46ce7210d68eed0150e50.jpg","height":300,"width":300,"date_captured":"2025-06-06T22:56:48+00:00","extra":{"name":"screenshot_1749020583180.jpg"}},{"id":47,"license":1,"file_name":"screenshot_1749020292584_jpg.rf.ee0d138e4a67d1b21b2d9683b8cfb534.jpg","height":300,"width":300,"date_captured":"2025-06-06T22:56:48+00:00","extra":{"name":"screenshot_1749020292584.jpg"}},{"id":48,"license":1,"file_name":"screenshot_1749020111445_jpg.rf.cfc34bba884f98d02e7f574cc5c3ea45.jpg","height":300,"width":300,"date_captured":"2025-06-06T22:56:48+00:00","extra":{"name":"screenshot_1749020111445.jpg"}},{"id":49,"license":1,"file_name":"screenshot_1749020194049_jpg.rf.16de6550d5ed82c75f958af202a12126.jpg","height":300,"width":300,"date_captured":"2025-06-06T22:56:48+00:00","extra":{"name":"screenshot_1749020194049.jpg"}},{"id":50,"license":1,"file_name":"screenshot_1749020480656_jpg.rf.afdd4b519bf11c9e6185a39d5669403f.jpg","height":300,"width":300,"date_captured":"2025-06-06T22:56:48+00:00","extra":{"name":"screenshot_1749020480656.jpg"}},{"id":51,"license":1,"file_name":"screenshot_1749020113962_jpg.rf.16688f87d8c7cbeac96fbde789bf3ac5.jpg","height":300,"width":300,"date_captured":"2025-06-06T22:56:48+00:00","extra":{"name":"screenshot_1749020113962.jpg"}},{"id":52,"license":1,"file_name":"screenshot_1749020644047_jpg.rf.6ab9a891943ae36802942576f4085cc1.jpg","height":300,"width":300,"date_captured":"2025-06-06T22:56:48+00:00","extra":{"name":"screenshot_1749020644047.jpg"}},{"id":53,"license":1,"file_name":"screenshot_1749020383287_jpg.rf.fba051098a83648a337a3bb1062f7eae.jpg","height":300,"width":300,"date_captured":"2025-06-06T22:56:48+00:00","extra":{"name":"screenshot_1749020383287.jpg"}},{"id":54,"license":1,"file_name":"screenshot_1749020628046_jpg.rf.2d8e22c8218331e0c66bb9b3dde66236.jpg","height":300,"width":300,"date_captured":"2025-06-06T22:56:48+00:00","extra":{"name":"screenshot_1749020628046.jpg"}},{"id":55,"license":1,"file_name":"screenshot_1749020533915_jpg.rf.37b4013c3c553d976ce7012cfcb85b6a.jpg","height":300,"width":300,"date_captured":"2025-06-06T22:56:48+00:00","extra":{"name":"screenshot_1749020533915.jpg"}},{"id":56,"license":1,"file_name":"screenshot_1749020415263_jpg.rf.b35fe7accc072112ee3f5238830e85ca.jpg","height":300,"width":300,"date_captured":"2025-06-06T22:56:48+00:00","extra":{"name":"screenshot_1749020415263.jpg"}},{"id":57,"license":1,"file_name":"screenshot_1749020274308_jpg.rf.fc11c553aa2c0c3202be1f6349ef69b0.jpg","height":300,"width":300,"date_captured":"2025-06-06T22:56:48+00:00","extra":{"name":"screenshot_1749020274308.jpg"}},{"id":58,"license":1,"file_name":"screenshot_1749020469265_jpg.rf.4fdeca9f3ed9d1314bd64bac163c911d.jpg","height":300,"width":300,"date_captured":"2025-06-06T22:56:48+00:00","extra":{"name":"screenshot_1749020469265.jpg"}},{"id":59,"license":1,"file_name":"screenshot_1749020311928_jpg.rf.fa4789b6864c9705c431b72ac480b751.jpg","height":300,"width":300,"date_captured":"2025-06-06T22:56:48+00:00","extra":{"name":"screenshot_1749020311928.jpg"}},{"id":60,"license":1,"file_name":"screenshot_1749020403648_jpg.rf.2b53c5016c67f7870bb1223889a26595.jpg","height":300,"width":300,"date_captured":"2025-06-06T22:56:48+00:00","extra":{"name":"screenshot_1749020403648.jpg"}},{"id":61,"license":1,"file_name":"screenshot_1749020388682_jpg.rf.8dfc5b48f54d162cb1ad5b8db1d0ffc0.jpg","height":300,"width":300,"date_captured":"2025-06-06T22:56:48+00:00","extra":{"name":"screenshot_1749020388682.jpg"}},{"id":62,"license":1,"file_name":"screenshot_1749020131516_jpg.rf.3465284add03552895a7b888d598c60d.jpg","height":300,"width":300,"date_captured":"2025-06-06T22:56:48+00:00","extra":{"name":"screenshot_1749020131516.jpg"}},{"id":63,"license":1,"file_name":"screenshot_1749020247446_jpg.rf.46d756d3c423b974e24eed380b6a8584.jpg","height":300,"width":300,"date_captured":"2025-06-06T22:56:48+00:00","extra":{"name":"screenshot_1749020247446.jpg"}},{"id":64,"license":1,"file_name":"screenshot_1749020288666_jpg.rf.70bd5d4dd7dd946da84d6ade9e384dd2.jpg","height":300,"width":300,"date_captured":"2025-06-06T22:56:48+00:00","extra":{"name":"screenshot_1749020288666.jpg"}},{"id":65,"license":1,"file_name":"screenshot_1749020622877_jpg.rf.73453ad993cc00eae76c4e833b08b45a.jpg","height":300,"width":300,"date_captured":"2025-06-06T22:56:48+00:00","extra":{"name":"screenshot_1749020622877.jpg"}},{"id":66,"license":1,"file_name":"screenshot_1749020542442_jpg.rf.6b2ce99f58e6387bd7791116dd5424f9.jpg","height":300,"width":300,"date_captured":"2025-06-06T22:56:48+00:00","extra":{"name":"screenshot_1749020542442.jpg"}},{"id":67,"license":1,"file_name":"screenshot_1749020752371_jpg.rf.9be3468e79f3d0c27c7f14a74071ff25.jpg","height":300,"width":300,"date_captured":"2025-06-06T22:56:48+00:00","extra":{"name":"screenshot_1749020752371.jpg"}},{"id":68,"license":1,"file_name":"screenshot_1749020167726_jpg.rf.df6ce993d1b92b9fe754f7f9cab804ad.jpg","height":300,"width":300,"date_captured":"2025-06-06T22:56:48+00:00","extra":{"name":"screenshot_1749020167726.jpg"}},{"id":69,"license":1,"file_name":"screenshot_1749020677954_jpg.rf.4514c6fa4b5af29c04680a2dacd15fdf.jpg","height":300,"width":300,"date_captured":"2025-06-06T22:56:48+00:00","extra":{"name":"screenshot_1749020677954.jpg"}},{"id":70,"license":1,"file_name":"screenshot_1749020546727_jpg.rf.d352b9672b430dc5ae7baf133adcd889.jpg","height":300,"width":300,"date_captured":"2025-06-06T22:56:48+00:00","extra":{"name":"screenshot_1749020546727.jpg"}},{"id":71,"license":1,"file_name":"screenshot_1749020226365_jpg.rf.a5611d050b609b5cf0e32184769e8dec.jpg","height":300,"width":300,"date_captured":"2025-06-06T22:56:48+00:00","extra":{"name":"screenshot_1749020226365.jpg"}},{"id":72,"license":1,"file_name":"screenshot_1749020602112_jpg.rf.495a0aa01413d0affe7447009fc70861.jpg","height":300,"width":300,"date_captured":"2025-06-06T22:56:48+00:00","extra":{"name":"screenshot_1749020602112.jpg"}},{"id":73,"license":1,"file_name":"screenshot_1749020169824_jpg.rf.b5cdd498248d59a774504a28ff1c6f02.jpg","height":300,"width":300,"date_captured":"2025-06-06T22:56:48+00:00","extra":{"name":"screenshot_1749020169824.jpg"}},{"id":74,"license":1,"file_name":"screenshot_1749020099029_jpg.rf.544a3c1149dee2d0e779c2e7166392e1.jpg","height":300,"width":300,"date_captured":"2025-06-06T22:56:48+00:00","extra":{"name":"screenshot_1749020099029.jpg"}},{"id":75,"license":1,"file_name":"screenshot_1749020680735_jpg.rf.30404f691501d5186dc142f6b5600e94.jpg","height":300,"width":300,"date_captured":"2025-06-06T22:56:48+00:00","extra":{"name":"screenshot_1749020680735.jpg"}},{"id":76,"license":1,"file_name":"screenshot_1749020250447_jpg.rf.ac784a60656c84344c11959964bd40e5.jpg","height":300,"width":300,"date_captured":"2025-06-06T22:56:48+00:00","extra":{"name":"screenshot_1749020250447.jpg"}},{"id":77,"license":1,"file_name":"screenshot_1749020611129_jpg.rf.58e6e2d3c08ea71ad2b355883eae292d.jpg","height":300,"width":300,"date_captured":"2025-06-06T22:56:48+00:00","extra":{"name":"screenshot_1749020611129.jpg"}},{"id":78,"license":1,"file_name":"screenshot_1749020102134_jpg.rf.20b5fbd78babafdcdc5204e1621c372b.jpg","height":300,"width":300,"date_captured":"2025-06-06T22:56:48+00:00","extra":{"name":"screenshot_1749020102134.jpg"}},{"id":79,"license":1,"file_name":"screenshot_1749020426260_jpg.rf.82b71ea7292f771f1ca3d8850dfb98ac.jpg","height":300,"width":300,"date_captured":"2025-06-06T22:56:48+00:00","extra":{"name":"screenshot_1749020426260.jpg"}},{"id":80,"license":1,"file_name":"screenshot_1749020730477_jpg.rf.a1118fd2ad77add920c4629a33cb34fa.jpg","height":300,"width":300,"date_captured":"2025-06-06T22:56:48+00:00","extra":{"name":"screenshot_1749020730477.jpg"}},{"id":81,"license":1,"file_name":"screenshot_1749020748947_jpg.rf.778a61c51a2a148656d3156699e02401.jpg","height":300,"width":300,"date_captured":"2025-06-06T22:56:48+00:00","extra":{"name":"screenshot_1749020748947.jpg"}},{"id":82,"license":1,"file_name":"screenshot_1749020309332_jpg.rf.5be700612c11b140166463c747f33dff.jpg","height":300,"width":300,"date_captured":"2025-06-06T22:56:48+00:00","extra":{"name":"screenshot_1749020309332.jpg"}},{"id":83,"license":1,"file_name":"screenshot_1749020118730_jpg.rf.594b922d44b0fa3c66ede4464caa6e29.jpg","height":300,"width":300,"date_captured":"2025-06-06T22:56:48+00:00","extra":{"name":"screenshot_1749020118730.jpg"}},{"id":84,"license":1,"file_name":"screenshot_1749020334231_jpg.rf.844311f30b53bfd56330d5934466223d.jpg","height":300,"width":300,"date_captured":"2025-06-06T22:56:48+00:00","extra":{"name":"screenshot_1749020334231.jpg"}},{"id":85,"license":1,"file_name":"screenshot_1749020746877_jpg.rf.265a1410bfc1a9f9b94019cfab1bdb98.jpg","height":300,"width":300,"date_captured":"2025-06-06T22:56:48+00:00","extra":{"name":"screenshot_1749020746877.jpg"}},{"id":86,"license":1,"file_name":"screenshot_1749020693022_jpg.rf.0adf748f3b64eadd3fa30c726f7628f6.jpg","height":300,"width":300,"date_captured":"2025-06-06T22:56:48+00:00","extra":{"name":"screenshot_1749020693022.jpg"}},{"id":87,"license":1,"file_name":"screenshot_1749020762544_jpg.rf.28a868fb70bb28a5b17c49cc9011f510.jpg","height":300,"width":300,"date_captured":"2025-06-06T22:56:48+00:00","extra":{"name":"screenshot_1749020762544.jpg"}},{"id":88,"license":1,"file_name":"screenshot_1749020493350_jpg.rf.426ec9201237b85321314c7754ce9b46.jpg","height":300,"width":300,"date_captured":"2025-06-06T22:56:48+00:00","extra":{"name":"screenshot_1749020493350.jpg"}},{"id":89,"license":1,"file_name":"screenshot_1749020360996_jpg.rf.e12c198998a304442041874bf4af56e1.jpg","height":300,"width":300,"date_captured":"2025-06-06T22:56:48+00:00","extra":{"name":"screenshot_1749020360996.jpg"}},{"id":90,"license":1,"file_name":"screenshot_1749020572316_jpg.rf.9a88d45890ab729f0105034a92a7cb2d.jpg","height":300,"width":300,"date_captured":"2025-06-06T22:56:48+00:00","extra":{"name":"screenshot_1749020572316.jpg"}},{"id":91,"license":1,"file_name":"screenshot_1749020517826_jpg.rf.7706efb31c77df61ec56e262d61e1553.jpg","height":300,"width":300,"date_captured":"2025-06-06T22:56:48+00:00","extra":{"name":"screenshot_1749020517826.jpg"}},{"id":92,"license":1,"file_name":"screenshot_1749020116830_jpg.rf.d617a869d7f7fccb1100b83c37d580d3.jpg","height":300,"width":300,"date_captured":"2025-06-06T22:56:48+00:00","extra":{"name":"screenshot_1749020116830.jpg"}},{"id":93,"license":1,"file_name":"screenshot_1749020405776_jpg.rf.b333af56d66f71217db27fdeb89516f6.jpg","height":300,"width":300,"date_captured":"2025-06-06T22:56:48+00:00","extra":{"name":"screenshot_1749020405776.jpg"}},{"id":94,"license":1,"file_name":"screenshot_1749020550862_jpg.rf.6dc3870cfc674bf34800561d3828284c.jpg","height":300,"width":300,"date_captured":"2025-06-06T22:56:48+00:00","extra":{"name":"screenshot_1749020550862.jpg"}},{"id":95,"license":1,"file_name":"screenshot_1749020264594_jpg.rf.b76e881a5e3ca9a3603cbf09c8f89a2e.jpg","height":300,"width":300,"date_captured":"2025-06-06T22:56:48+00:00","extra":{"name":"screenshot_1749020264594.jpg"}},{"id":96,"license":1,"file_name":"screenshot_1749020158514_jpg.rf.a0623e09ef3cc3e10bef0549effe2a81.jpg","height":300,"width":300,"date_captured":"2025-06-06T22:56:48+00:00","extra":{"name":"screenshot_1749020158514.jpg"}},{"id":97,"license":1,"file_name":"screenshot_1749020553042_jpg.rf.5369f176a5b91898e2a922d4cb859c90.jpg","height":300,"width":300,"date_captured":"2025-06-06T22:56:48+00:00","extra":{"name":"screenshot_1749020553042.jpg"}},{"id":98,"license":1,"file_name":"screenshot_1749020568191_jpg.rf.fd685ad859621967f61c08dbb327a7af.jpg","height":300,"width":300,"date_captured":"2025-06-06T22:56:48+00:00","extra":{"name":"screenshot_1749020568191.jpg"}},{"id":99,"license":1,"file_name":"screenshot_1749020267575_jpg.rf.252811dd44b5aad01cb198fd77cfadcb.jpg","height":300,"width":300,"date_captured":"2025-06-06T22:56:48+00:00","extra":{"name":"screenshot_1749020267575.jpg"}},{"id":100,"license":1,"file_name":"screenshot_1749020358381_jpg.rf.39d8c81adbaca88184d27067f1715547.jpg","height":300,"width":300,"date_captured":"2025-06-06T22:56:48+00:00","extra":{"name":"screenshot_1749020358381.jpg"}},{"id":101,"license":1,"file_name":"screenshot_1749020331811_jpg.rf.2a4fbe538b79d83b90e2e5287284a417.jpg","height":300,"width":300,"date_captured":"2025-06-06T22:56:48+00:00","extra":{"name":"screenshot_1749020331811.jpg"}},{"id":102,"license":1,"file_name":"screenshot_1749020207839_jpg.rf.5574cc96db13a13cb9d1846f0ac863e2.jpg","height":300,"width":300,"date_captured":"2025-06-06T22:56:48+00:00","extra":{"name":"screenshot_1749020207839.jpg"}},{"id":103,"license":1,"file_name":"screenshot_1749020278385_jpg.rf.392ad66a51e0d63871982de194753fd3.jpg","height":300,"width":300,"date_captured":"2025-06-06T22:56:48+00:00","extra":{"name":"screenshot_1749020278385.jpg"}},{"id":104,"license":1,"file_name":"screenshot_1749020721878_jpg.rf.fe7ede5f993d2cbf55e4da5d38f0eb82.jpg","height":300,"width":300,"date_captured":"2025-06-06T22:56:48+00:00","extra":{"name":"screenshot_1749020721878.jpg"}},{"id":105,"license":1,"file_name":"screenshot_1749020235865_jpg.rf.63243878881a23bc2290b52af488d467.jpg","height":300,"width":300,"date_captured":"2025-06-06T22:56:48+00:00","extra":{"name":"screenshot_1749020235865.jpg"}},{"id":106,"license":1,"file_name":"screenshot_1749020556244_jpg.rf.9da2731b33cd31cc401cbae9dd2bca8d.jpg","height":300,"width":300,"date_captured":"2025-06-06T22:56:48+00:00","extra":{"name":"screenshot_1749020556244.jpg"}},{"id":107,"license":1,"file_name":"screenshot_1749020418538_jpg.rf.6b6999dc51ffb2775507a76fd4a2f59f.jpg","height":300,"width":300,"date_captured":"2025-06-06T22:56:48+00:00","extra":{"name":"screenshot_1749020418538.jpg"}},{"id":108,"license":1,"file_name":"screenshot_1749020366983_jpg.rf.c598287f49f188bec170d044b90878bb.jpg","height":300,"width":300,"date_captured":"2025-06-06T22:56:48+00:00","extra":{"name":"screenshot_1749020366983.jpg"}},{"id":109,"license":1,"file_name":"screenshot_1749020710280_jpg.rf.c7fc0a9af48eff4b85700dbc604dc02c.jpg","height":300,"width":300,"date_captured":"2025-06-06T22:56:48+00:00","extra":{"name":"screenshot_1749020710280.jpg"}},{"id":110,"license":1,"file_name":"screenshot_1749020180076_jpg.rf.1a46787d095c92cc7b8c076fc6c8e1e4.jpg","height":300,"width":300,"date_captured":"2025-06-06T22:56:48+00:00","extra":{"name":"screenshot_1749020180076.jpg"}},{"id":111,"license":1,"file_name":"screenshot_1749020364067_jpg.rf.1bc26926250221f393458c5d2cb17d0f.jpg","height":300,"width":300,"date_captured":"2025-06-06T22:56:48+00:00","extra":{"name":"screenshot_1749020364067.jpg"}},{"id":112,"license":1,"file_name":"screenshot_1749020138655_jpg.rf.224c509451883dcec19dd612d7383a13.jpg","height":300,"width":300,"date_captured":"2025-06-06T22:56:48+00:00","extra":{"name":"screenshot_1749020138655.jpg"}},{"id":113,"license":1,"file_name":"screenshot_1749020245380_jpg.rf.74842d9df28849b26a971835512b2f2f.jpg","height":300,"width":300,"date_captured":"2025-06-06T22:56:48+00:00","extra":{"name":"screenshot_1749020245380.jpg"}},{"id":114,"license":1,"file_name":"screenshot_1749020640376_jpg.rf.a0a2a33d97dbe1d5ae5d4db0c252afc2.jpg","height":300,"width":300,"date_captured":"2025-06-06T22:56:48+00:00","extra":{"name":"screenshot_1749020640376.jpg"}},{"id":115,"license":1,"file_name":"screenshot_1749020599431_jpg.rf.783ecdb5b57798bb857a0dd451c5fd7b.jpg","height":300,"width":300,"date_captured":"2025-06-06T22:56:48+00:00","extra":{"name":"screenshot_1749020599431.jpg"}},{"id":116,"license":1,"file_name":"screenshot_1749020379814_jpg.rf.e56a074c465fadbc01bafb7965cc84af.jpg","height":300,"width":300,"date_captured":"2025-06-06T22:56:48+00:00","extra":{"name":"screenshot_1749020379814.jpg"}},{"id":117,"license":1,"file_name":"screenshot_1749020605362_jpg.rf.142189f5b402c3e3b9c83d69d3602d94.jpg","height":300,"width":300,"date_captured":"2025-06-06T22:56:48+00:00","extra":{"name":"screenshot_1749020605362.jpg"}},{"id":118,"license":1,"file_name":"screenshot_1749020410913_jpg.rf.fe4308ecb4deb68aa6ca29e8860f37c0.jpg","height":300,"width":300,"date_captured":"2025-06-06T22:56:48+00:00","extra":{"name":"screenshot_1749020410913.jpg"}},{"id":119,"license":1,"file_name":"screenshot_1749020214714_jpg.rf.f44fd157df4aa2c4bcfd0037445b946d.jpg","height":300,"width":300,"date_captured":"2025-06-06T22:56:48+00:00","extra":{"name":"screenshot_1749020214714.jpg"}},{"id":120,"license":1,"file_name":"screenshot_1749020527966_jpg.rf.95a19f6e8272ef15dd14aba37c614f10.jpg","height":300,"width":300,"date_captured":"2025-06-06T22:56:48+00:00","extra":{"name":"screenshot_1749020527966.jpg"}}],"annotations":[{"id":0,"image_id":0,"category_id":4,"bbox":[167,117,45,31],"area":1395,"segmentation":[],"iscrowd":0},{"id":1,"image_id":1,"category_id":4,"bbox":[153,108,45,27],"area":1215,"segmentation":[],"iscrowd":0},{"id":2,"image_id":1,"category_id":4,"bbox":[204,110,32,23],"area":736,"segmentation":[],"iscrowd":0},{"id":3,"image_id":2,"category_id":4,"bbox":[190,113,40,27],"area":1080,"segmentation":[],"iscrowd":0},{"id":4,"image_id":2,"category_id":4,"bbox":[155,140,70,52],"area":3640,"segmentation":[],"iscrowd":0},{"id":5,"image_id":2,"category_id":4,"bbox":[0,147,40,37],"area":1480,"segmentation":[],"iscrowd":0},{"id":6,"image_id":3,"category_id":4,"bbox":[168,106,39,25],"area":975,"segmentation":[],"iscrowd":0},{"id":7,"image_id":4,"category_id":4,"bbox":[40,130,55,38],"area":2090,"segmentation":[],"iscrowd":0},{"id":8,"image_id":4,"category_id":5,"bbox":[146,129,62,49],"area":3038,"segmentation":[],"iscrowd":0},{"id":9,"image_id":4,"category_id":2,"bbox":[166,99,40,26],"area":1040,"segmentation":[],"iscrowd":0},{"id":10,"image_id":4,"category_id":4,"bbox":[205,108,36,23],"area":828,"segmentation":[],"iscrowd":0},{"id":11,"image_id":5,"category_id":2,"bbox":[149,96,55,34],"area":1870,"segmentation":[],"iscrowd":0},{"id":12,"image_id":5,"category_id":5,"bbox":[220,97,22,16],"area":352,"segmentation":[],"iscrowd":0},{"id":13,"image_id":5,"category_id":4,"bbox":[114,159,82,61],"area":5002,"segmentation":[],"iscrowd":0},{"id":14,"image_id":5,"category_id":2,"bbox":[216,117,41,38],"area":1558,"segmentation":[],"iscrowd":0},{"id":15,"image_id":6,"category_id":3,"bbox":[222,109,27,21],"area":567,"segmentation":[],"iscrowd":0},{"id":16,"image_id":7,"category_id":4,"bbox":[154,137,63,47],"area":2961,"segmentation":[],"iscrowd":0},{"id":17,"image_id":7,"category_id":5,"bbox":[0,157,50,50],"area":2500,"segmentation":[],"iscrowd":0},{"id":18,"image_id":7,"category_id":5,"bbox":[218,109,30,27],"area":810,"segmentation":[],"iscrowd":0},{"id":19,"image_id":8,"category_id":4,"bbox":[155,138,68,50],"area":3400,"segmentation":[],"iscrowd":0},{"id":20,"image_id":8,"category_id":2,"bbox":[189,95,37,29],"area":1073,"segmentation":[],"iscrowd":0},{"id":21,"image_id":9,"category_id":4,"bbox":[176,118,43,31],"area":1333,"segmentation":[],"iscrowd":0},{"id":22,"image_id":10,"category_id":2,"bbox":[181,101,32,21],"area":672,"segmentation":[],"iscrowd":0},{"id":23,"image_id":10,"category_id":4,"bbox":[1,188,79,47],"area":3713,"segmentation":[],"iscrowd":0},{"id":24,"image_id":11,"category_id":6,"bbox":[1,156,49,47],"area":2303,"segmentation":[],"iscrowd":0},{"id":25,"image_id":11,"category_id":4,"bbox":[204,111,31,22],"area":682,"segmentation":[],"iscrowd":0},{"id":26,"image_id":11,"category_id":3,"bbox":[241,119,33,24],"area":792,"segmentation":[],"iscrowd":0},{"id":27,"image_id":11,"category_id":4,"bbox":[224,98,22,14],"area":308,"segmentation":[],"iscrowd":0},{"id":28,"image_id":12,"category_id":5,"bbox":[89,150,83,69],"area":5727,"segmentation":[],"iscrowd":0},{"id":29,"image_id":12,"category_id":4,"bbox":[195,101,30,20],"area":600,"segmentation":[],"iscrowd":0},{"id":30,"image_id":12,"category_id":4,"bbox":[229,122,35,31],"area":1085,"segmentation":[],"iscrowd":0},{"id":31,"image_id":13,"category_id":5,"bbox":[101,121,63,43],"area":2709,"segmentation":[],"iscrowd":0},{"id":32,"image_id":13,"category_id":4,"bbox":[151,133,61,42],"area":2562,"segmentation":[],"iscrowd":0},{"id":33,"image_id":13,"category_id":2,"bbox":[195,99,31,22],"area":682,"segmentation":[],"iscrowd":0},{"id":34,"image_id":13,"category_id":4,"bbox":[223,118,36,26],"area":936,"segmentation":[],"iscrowd":0},{"id":35,"image_id":14,"category_id":2,"bbox":[28,115,59,47],"area":2773,"segmentation":[],"iscrowd":0},{"id":36,"image_id":14,"category_id":4,"bbox":[1,166,37,44],"area":1628,"segmentation":[],"iscrowd":0},{"id":37,"image_id":14,"category_id":5,"bbox":[112,103,61,36],"area":2196,"segmentation":[],"iscrowd":0},{"id":38,"image_id":14,"category_id":4,"bbox":[155,122,48,33],"area":1584,"segmentation":[],"iscrowd":0},{"id":39,"image_id":14,"category_id":2,"bbox":[195,93,35,25],"area":875,"segmentation":[],"iscrowd":0},{"id":40,"image_id":14,"category_id":4,"bbox":[211,109,29,18],"area":522,"segmentation":[],"iscrowd":0},{"id":41,"image_id":14,"category_id":4,"bbox":[210,124,38,29],"area":1102,"segmentation":[],"iscrowd":0},{"id":42,"image_id":14,"category_id":4,"bbox":[230,98,15,13],"area":195,"segmentation":[],"iscrowd":0},{"id":43,"image_id":15,"category_id":4,"bbox":[40,130,61,36],"area":2196,"segmentation":[],"iscrowd":0},{"id":44,"image_id":15,"category_id":3,"bbox":[216,109,28,20],"area":560,"segmentation":[],"iscrowd":0},{"id":45,"image_id":15,"category_id":2,"bbox":[212,93,30,21],"area":630,"segmentation":[],"iscrowd":0},{"id":46,"image_id":16,"category_id":3,"bbox":[0,162,50,50],"area":2500,"segmentation":[],"iscrowd":0},{"id":47,"image_id":16,"category_id":4,"bbox":[70,153,98,68],"area":6664,"segmentation":[],"iscrowd":0},{"id":48,"image_id":16,"category_id":5,"bbox":[196,101,30,20],"area":600,"segmentation":[],"iscrowd":0},{"id":49,"image_id":16,"category_id":4,"bbox":[238,97,19,14],"area":266,"segmentation":[],"iscrowd":0},{"id":50,"image_id":17,"category_id":6,"bbox":[199,104,43,35],"area":1505,"segmentation":[],"iscrowd":0},{"id":51,"image_id":18,"category_id":4,"bbox":[128,110,50,30],"area":1500,"segmentation":[],"iscrowd":0},{"id":52,"image_id":19,"category_id":4,"bbox":[193,109,36,26],"area":936,"segmentation":[],"iscrowd":0},{"id":53,"image_id":19,"category_id":4,"bbox":[240,114,30,26],"area":780,"segmentation":[],"iscrowd":0},{"id":54,"image_id":20,"category_id":4,"bbox":[2,156,66,50],"area":3300,"segmentation":[],"iscrowd":0},{"id":55,"image_id":20,"category_id":4,"bbox":[162,107,39,24],"area":936,"segmentation":[],"iscrowd":0},{"id":56,"image_id":20,"category_id":4,"bbox":[220,108,28,21],"area":588,"segmentation":[],"iscrowd":0},{"id":57,"image_id":21,"category_id":4,"bbox":[27,152,85,54],"area":4590,"segmentation":[],"iscrowd":0},{"id":58,"image_id":21,"category_id":6,"bbox":[37,132,64,25],"area":1600,"segmentation":[],"iscrowd":0},{"id":59,"image_id":21,"category_id":2,"bbox":[96,103,56,36],"area":2016,"segmentation":[],"iscrowd":0},{"id":60,"image_id":21,"category_id":5,"bbox":[143,154,76,58],"area":4408,"segmentation":[],"iscrowd":0},{"id":61,"image_id":21,"category_id":5,"bbox":[153,99,45,26],"area":1170,"segmentation":[],"iscrowd":0},{"id":62,"image_id":21,"category_id":2,"bbox":[198,93,32,23],"area":736,"segmentation":[],"iscrowd":0},{"id":63,"image_id":21,"category_id":4,"bbox":[195,116,36,22],"area":792,"segmentation":[],"iscrowd":0},{"id":64,"image_id":21,"category_id":4,"bbox":[236,116,29,23],"area":667,"segmentation":[],"iscrowd":0},{"id":65,"image_id":21,"category_id":4,"bbox":[225,108,21,13],"area":273,"segmentation":[],"iscrowd":0},{"id":66,"image_id":21,"category_id":4,"bbox":[234,96,18,12],"area":216,"segmentation":[],"iscrowd":0},{"id":67,"image_id":22,"category_id":4,"bbox":[179,115,44,25],"area":1100,"segmentation":[],"iscrowd":0},{"id":68,"image_id":22,"category_id":4,"bbox":[188,137,51,35],"area":1785,"segmentation":[],"iscrowd":0},{"id":69,"image_id":22,"category_id":2,"bbox":[243,89,14,18],"area":252,"segmentation":[],"iscrowd":0},{"id":70,"image_id":23,"category_id":4,"bbox":[79,152,70,52],"area":3640,"segmentation":[],"iscrowd":0},{"id":71,"image_id":23,"category_id":4,"bbox":[172,106,37,21],"area":777,"segmentation":[],"iscrowd":0},{"id":72,"image_id":24,"category_id":4,"bbox":[209,111,30,18],"area":540,"segmentation":[],"iscrowd":0},{"id":73,"image_id":24,"category_id":4,"bbox":[206,100,29,14],"area":406,"segmentation":[],"iscrowd":0},{"id":74,"image_id":25,"category_id":2,"bbox":[10,120,62,56],"area":3472,"segmentation":[],"iscrowd":0},{"id":75,"image_id":25,"category_id":4,"bbox":[187,132,50,38],"area":1900,"segmentation":[],"iscrowd":0},{"id":76,"image_id":26,"category_id":5,"bbox":[174,122,57,47],"area":2679,"segmentation":[],"iscrowd":0},{"id":77,"image_id":27,"category_id":4,"bbox":[162,141,61,48],"area":2928,"segmentation":[],"iscrowd":0},{"id":78,"image_id":28,"category_id":4,"bbox":[204,119,43,32],"area":1376,"segmentation":[],"iscrowd":0},{"id":79,"image_id":29,"category_id":2,"bbox":[0,138,16,36],"area":576,"segmentation":[],"iscrowd":0},{"id":80,"image_id":29,"category_id":4,"bbox":[0,167,46,48],"area":2208,"segmentation":[],"iscrowd":0},{"id":81,"image_id":29,"category_id":5,"bbox":[178,103,34,22],"area":748,"segmentation":[],"iscrowd":0},{"id":82,"image_id":29,"category_id":4,"bbox":[221,113,26,21],"area":546,"segmentation":[],"iscrowd":0},{"id":83,"image_id":30,"category_id":4,"bbox":[139,131,61,40],"area":2440,"segmentation":[],"iscrowd":0},{"id":84,"image_id":30,"category_id":1,"bbox":[230,107,15,18],"area":270,"segmentation":[],"iscrowd":0},{"id":85,"image_id":30,"category_id":4,"bbox":[213,127,43,34],"area":1462,"segmentation":[],"iscrowd":0},{"id":86,"image_id":31,"category_id":4,"bbox":[91,154,85,61],"area":5185,"segmentation":[],"iscrowd":0},{"id":87,"image_id":31,"category_id":3,"bbox":[1,145,43,40],"area":1720,"segmentation":[],"iscrowd":0},{"id":88,"image_id":32,"category_id":5,"bbox":[166,103,35,26],"area":910,"segmentation":[],"iscrowd":0},{"id":89,"image_id":32,"category_id":4,"bbox":[17,188,89,47],"area":4183,"segmentation":[],"iscrowd":0},{"id":90,"image_id":32,"category_id":4,"bbox":[209,101,26,17],"area":442,"segmentation":[],"iscrowd":0},{"id":91,"image_id":33,"category_id":5,"bbox":[216,99,23,17],"area":391,"segmentation":[],"iscrowd":0},{"id":92,"image_id":33,"category_id":1,"bbox":[237,105,14,16],"area":224,"segmentation":[],"iscrowd":0},{"id":93,"image_id":33,"category_id":6,"bbox":[204,116,56,31],"area":1736,"segmentation":[],"iscrowd":0},{"id":94,"image_id":33,"category_id":4,"bbox":[0,198,78,37],"area":2886,"segmentation":[],"iscrowd":0},{"id":95,"image_id":34,"category_id":4,"bbox":[198,129,44,35],"area":1540,"segmentation":[],"iscrowd":0},{"id":96,"image_id":35,"category_id":4,"bbox":[178,123,47,32],"area":1504,"segmentation":[],"iscrowd":0},{"id":97,"image_id":36,"category_id":2,"bbox":[178,105,74,63],"area":4662,"segmentation":[],"iscrowd":0},{"id":98,"image_id":36,"category_id":4,"bbox":[1,149,37,37],"area":1369,"segmentation":[],"iscrowd":0},{"id":99,"image_id":37,"category_id":2,"bbox":[202,93,33,25],"area":825,"segmentation":[],"iscrowd":0},{"id":100,"image_id":37,"category_id":5,"bbox":[151,99,49,27],"area":1323,"segmentation":[],"iscrowd":0},{"id":101,"image_id":37,"category_id":5,"bbox":[160,120,47,27],"area":1269,"segmentation":[],"iscrowd":0},{"id":102,"image_id":37,"category_id":2,"bbox":[95,103,58,40],"area":2320,"segmentation":[],"iscrowd":0},{"id":103,"image_id":37,"category_id":6,"bbox":[35,134,65,27],"area":1755,"segmentation":[],"iscrowd":0},{"id":104,"image_id":37,"category_id":4,"bbox":[59,144,79,45],"area":3555,"segmentation":[],"iscrowd":0},{"id":105,"image_id":38,"category_id":4,"bbox":[37,153,65,43],"area":2795,"segmentation":[],"iscrowd":0},{"id":106,"image_id":38,"category_id":2,"bbox":[41,115,66,46],"area":3036,"segmentation":[],"iscrowd":0},{"id":107,"image_id":38,"category_id":5,"bbox":[185,114,42,27],"area":1134,"segmentation":[],"iscrowd":0},{"id":108,"image_id":39,"category_id":5,"bbox":[1,135,39,39],"area":1521,"segmentation":[],"iscrowd":0},{"id":109,"image_id":39,"category_id":4,"bbox":[7,163,65,45],"area":2925,"segmentation":[],"iscrowd":0},{"id":110,"image_id":39,"category_id":2,"bbox":[133,98,50,34],"area":1700,"segmentation":[],"iscrowd":0},{"id":111,"image_id":39,"category_id":4,"bbox":[119,126,56,36],"area":2016,"segmentation":[],"iscrowd":0},{"id":112,"image_id":39,"category_id":4,"bbox":[188,112,38,25],"area":950,"segmentation":[],"iscrowd":0},{"id":113,"image_id":39,"category_id":3,"bbox":[214,100,23,13],"area":299,"segmentation":[],"iscrowd":0},{"id":114,"image_id":40,"category_id":2,"bbox":[176,97,61,45],"area":2745,"segmentation":[],"iscrowd":0},{"id":115,"image_id":40,"category_id":4,"bbox":[0,182,74,53],"area":3922,"segmentation":[],"iscrowd":0},{"id":116,"image_id":41,"category_id":4,"bbox":[169,123,49,36],"area":1764,"segmentation":[],"iscrowd":0},{"id":117,"image_id":42,"category_id":5,"bbox":[94,116,53,33],"area":1749,"segmentation":[],"iscrowd":0},{"id":118,"image_id":42,"category_id":2,"bbox":[0,131,32,48],"area":1536,"segmentation":[],"iscrowd":0},{"id":119,"image_id":43,"category_id":4,"bbox":[142,108,48,30],"area":1440,"segmentation":[],"iscrowd":0},{"id":120,"image_id":43,"category_id":4,"bbox":[202,109,37,26],"area":962,"segmentation":[],"iscrowd":0},{"id":121,"image_id":43,"category_id":4,"bbox":[0,147,36,36],"area":1296,"segmentation":[],"iscrowd":0},{"id":122,"image_id":44,"category_id":4,"bbox":[160,108,42,26],"area":1092,"segmentation":[],"iscrowd":0},{"id":123,"image_id":45,"category_id":4,"bbox":[205,114,38,27],"area":1026,"segmentation":[],"iscrowd":0},{"id":124,"image_id":45,"category_id":6,"bbox":[108,118,54,25],"area":1350,"segmentation":[],"iscrowd":0},{"id":125,"image_id":45,"category_id":4,"bbox":[149,146,67,57],"area":3819,"segmentation":[],"iscrowd":0},{"id":126,"image_id":45,"category_id":2,"bbox":[224,91,24,20],"area":480,"segmentation":[],"iscrowd":0},{"id":127,"image_id":45,"category_id":7,"bbox":[246,121,27,20],"area":540,"segmentation":[],"iscrowd":0},{"id":128,"image_id":46,"category_id":2,"bbox":[2,129,78,52],"area":4056,"segmentation":[],"iscrowd":0},{"id":129,"image_id":46,"category_id":4,"bbox":[148,126,53,33],"area":1749,"segmentation":[],"iscrowd":0},{"id":130,"image_id":46,"category_id":4,"bbox":[184,105,32,19],"area":608,"segmentation":[],"iscrowd":0},{"id":131,"image_id":46,"category_id":4,"bbox":[220,108,30,18],"area":540,"segmentation":[],"iscrowd":0},{"id":132,"image_id":47,"category_id":6,"bbox":[36,134,65,26],"area":1690,"segmentation":[],"iscrowd":0},{"id":133,"image_id":47,"category_id":2,"bbox":[94,103,58,37],"area":2146,"segmentation":[],"iscrowd":0},{"id":134,"image_id":47,"category_id":4,"bbox":[53,144,82,52],"area":4264,"segmentation":[],"iscrowd":0},{"id":135,"image_id":47,"category_id":4,"bbox":[145,123,51,31],"area":1581,"segmentation":[],"iscrowd":0},{"id":136,"image_id":47,"category_id":5,"bbox":[153,99,46,25],"area":1150,"segmentation":[],"iscrowd":0},{"id":137,"image_id":47,"category_id":2,"bbox":[199,92,32,24],"area":768,"segmentation":[],"iscrowd":0},{"id":138,"image_id":47,"category_id":4,"bbox":[207,112,33,22],"area":726,"segmentation":[],"iscrowd":0},{"id":139,"image_id":47,"category_id":4,"bbox":[229,122,34,27],"area":918,"segmentation":[],"iscrowd":0},{"id":140,"image_id":47,"category_id":4,"bbox":[237,105,20,15],"area":300,"segmentation":[],"iscrowd":0},{"id":141,"image_id":48,"category_id":4,"bbox":[24,146,75,55],"area":4125,"segmentation":[],"iscrowd":0},{"id":142,"image_id":48,"category_id":2,"bbox":[132,98,50,37],"area":1850,"segmentation":[],"iscrowd":0},{"id":143,"image_id":48,"category_id":6,"bbox":[166,119,46,31],"area":1426,"segmentation":[],"iscrowd":0},{"id":144,"image_id":49,"category_id":4,"bbox":[123,141,75,55],"area":4125,"segmentation":[],"iscrowd":0},{"id":145,"image_id":49,"category_id":2,"bbox":[226,100,32,33],"area":1056,"segmentation":[],"iscrowd":0},{"id":146,"image_id":50,"category_id":4,"bbox":[164,106,38,24],"area":912,"segmentation":[],"iscrowd":0},{"id":147,"image_id":50,"category_id":2,"bbox":[235,100,19,19],"area":361,"segmentation":[],"iscrowd":0},{"id":148,"image_id":51,"category_id":4,"bbox":[190,108,39,26],"area":1014,"segmentation":[],"iscrowd":0},{"id":149,"image_id":52,"category_id":2,"bbox":[2,126,59,53],"area":3127,"segmentation":[],"iscrowd":0},{"id":150,"image_id":52,"category_id":4,"bbox":[0,188,82,46],"area":3772,"segmentation":[],"iscrowd":0},{"id":151,"image_id":52,"category_id":5,"bbox":[160,108,37,27],"area":999,"segmentation":[],"iscrowd":0},{"id":152,"image_id":52,"category_id":4,"bbox":[220,118,34,28],"area":952,"segmentation":[],"iscrowd":0},{"id":153,"image_id":53,"category_id":4,"bbox":[233,125,34,30],"area":1020,"segmentation":[],"iscrowd":0},{"id":154,"image_id":54,"category_id":4,"bbox":[90,133,67,42],"area":2814,"segmentation":[],"iscrowd":0},{"id":155,"image_id":54,"category_id":4,"bbox":[219,109,30,21],"area":630,"segmentation":[],"iscrowd":0},{"id":156,"image_id":54,"category_id":2,"bbox":[241,89,16,18],"area":288,"segmentation":[],"iscrowd":0},{"id":157,"image_id":55,"category_id":2,"bbox":[150,103,47,31],"area":1457,"segmentation":[],"iscrowd":0},{"id":158,"image_id":56,"category_id":4,"bbox":[156,107,40,22],"area":880,"segmentation":[],"iscrowd":0},{"id":159,"image_id":56,"category_id":4,"bbox":[209,110,30,20],"area":600,"segmentation":[],"iscrowd":0},{"id":160,"image_id":57,"category_id":6,"bbox":[64,127,61,33],"area":2013,"segmentation":[],"iscrowd":0},{"id":161,"image_id":57,"category_id":4,"bbox":[152,124,55,35],"area":1925,"segmentation":[],"iscrowd":0},{"id":162,"image_id":57,"category_id":2,"bbox":[188,94,35,27],"area":945,"segmentation":[],"iscrowd":0},{"id":163,"image_id":57,"category_id":4,"bbox":[195,134,47,38],"area":1786,"segmentation":[],"iscrowd":0},{"id":164,"image_id":57,"category_id":5,"bbox":[232,92,23,14],"area":322,"segmentation":[],"iscrowd":0},{"id":165,"image_id":57,"category_id":4,"bbox":[230,106,22,17],"area":374,"segmentation":[],"iscrowd":0},{"id":166,"image_id":57,"category_id":1,"bbox":[250,116,15,17],"area":255,"segmentation":[],"iscrowd":0},{"id":167,"image_id":58,"category_id":2,"bbox":[133,131,87,77],"area":6699,"segmentation":[],"iscrowd":0},{"id":168,"image_id":59,"category_id":6,"bbox":[138,123,53,29],"area":1537,"segmentation":[],"iscrowd":0},{"id":169,"image_id":59,"category_id":4,"bbox":[7,141,54,36],"area":1944,"segmentation":[],"iscrowd":0},{"id":170,"image_id":59,"category_id":4,"bbox":[214,122,38,30],"area":1140,"segmentation":[],"iscrowd":0},{"id":171,"image_id":59,"category_id":5,"bbox":[136,111,42,19],"area":798,"segmentation":[],"iscrowd":0},{"id":172,"image_id":59,"category_id":4,"bbox":[228,99,19,14],"area":266,"segmentation":[],"iscrowd":0},{"id":173,"image_id":60,"category_id":5,"bbox":[50,123,54,39],"area":2106,"segmentation":[],"iscrowd":0},{"id":174,"image_id":60,"category_id":2,"bbox":[198,93,33,27],"area":891,"segmentation":[],"iscrowd":0},{"id":175,"image_id":60,"category_id":4,"bbox":[121,127,56,37],"area":2072,"segmentation":[],"iscrowd":0},{"id":176,"image_id":60,"category_id":4,"bbox":[188,132,55,47],"area":2585,"segmentation":[],"iscrowd":0},{"id":177,"image_id":61,"category_id":1,"bbox":[13,175,46,42],"area":1932,"segmentation":[],"iscrowd":0},{"id":178,"image_id":61,"category_id":4,"bbox":[229,98,22,15],"area":330,"segmentation":[],"iscrowd":0},{"id":179,"image_id":61,"category_id":4,"bbox":[199,129,45,36],"area":1620,"segmentation":[],"iscrowd":0},{"id":180,"image_id":62,"category_id":4,"bbox":[183,131,53,40],"area":2120,"segmentation":[],"iscrowd":0},{"id":181,"image_id":62,"category_id":1,"bbox":[114,120,35,28],"area":980,"segmentation":[],"iscrowd":0},{"id":182,"image_id":63,"category_id":5,"bbox":[96,128,71,42],"area":2982,"segmentation":[],"iscrowd":0},{"id":183,"image_id":63,"category_id":4,"bbox":[186,105,31,19],"area":589,"segmentation":[],"iscrowd":0},{"id":184,"image_id":63,"category_id":4,"bbox":[201,129,45,32],"area":1440,"segmentation":[],"iscrowd":0},{"id":185,"image_id":63,"category_id":4,"bbox":[1,149,40,35],"area":1400,"segmentation":[],"iscrowd":0},{"id":186,"image_id":64,"category_id":7,"bbox":[49,186,95,49],"area":4655,"segmentation":[],"iscrowd":0},{"id":187,"image_id":64,"category_id":4,"bbox":[154,120,49,32],"area":1568,"segmentation":[],"iscrowd":0},{"id":188,"image_id":64,"category_id":4,"bbox":[54,144,84,45],"area":3780,"segmentation":[],"iscrowd":0},{"id":189,"image_id":64,"category_id":6,"bbox":[37,134,64,33],"area":2112,"segmentation":[],"iscrowd":0},{"id":190,"image_id":64,"category_id":2,"bbox":[95,103,59,38],"area":2242,"segmentation":[],"iscrowd":0},{"id":191,"image_id":64,"category_id":5,"bbox":[153,99,47,28],"area":1316,"segmentation":[],"iscrowd":0},{"id":192,"image_id":64,"category_id":2,"bbox":[201,93,31,25],"area":775,"segmentation":[],"iscrowd":0},{"id":193,"image_id":64,"category_id":5,"bbox":[247,119,29,25],"area":725,"segmentation":[],"iscrowd":0},{"id":194,"image_id":65,"category_id":3,"bbox":[196,103,30,18],"area":540,"segmentation":[],"iscrowd":0},{"id":195,"image_id":65,"category_id":5,"bbox":[209,116,41,36],"area":1476,"segmentation":[],"iscrowd":0},{"id":196,"image_id":66,"category_id":4,"bbox":[222,115,36,30],"area":1080,"segmentation":[],"iscrowd":0},{"id":197,"image_id":67,"category_id":4,"bbox":[190,118,39,26],"area":1014,"segmentation":[],"iscrowd":0},{"id":198,"image_id":68,"category_id":6,"bbox":[182,104,35,23],"area":805,"segmentation":[],"iscrowd":0},{"id":199,"image_id":69,"category_id":4,"bbox":[193,113,36,28],"area":1008,"segmentation":[],"iscrowd":0},{"id":200,"image_id":70,"category_id":5,"bbox":[119,127,70,55],"area":3850,"segmentation":[],"iscrowd":0},{"id":201,"image_id":70,"category_id":6,"bbox":[152,108,49,23],"area":1127,"segmentation":[],"iscrowd":0},{"id":202,"image_id":70,"category_id":3,"bbox":[206,110,31,20],"area":620,"segmentation":[],"iscrowd":0},{"id":203,"image_id":71,"category_id":4,"bbox":[196,105,28,16],"area":448,"segmentation":[],"iscrowd":0},{"id":204,"image_id":72,"category_id":6,"bbox":[41,152,75,43],"area":3225,"segmentation":[],"iscrowd":0},{"id":205,"image_id":72,"category_id":4,"bbox":[193,123,46,36],"area":1656,"segmentation":[],"iscrowd":0},{"id":206,"image_id":72,"category_id":4,"bbox":[199,103,27,16],"area":432,"segmentation":[],"iscrowd":0},{"id":207,"image_id":73,"category_id":6,"bbox":[194,127,49,34],"area":1666,"segmentation":[],"iscrowd":0},{"id":208,"image_id":74,"category_id":4,"bbox":[140,110,44,27],"area":1188,"segmentation":[],"iscrowd":0},{"id":209,"image_id":74,"category_id":6,"bbox":[0,141,72,62],"area":4464,"segmentation":[],"iscrowd":0},{"id":210,"image_id":74,"category_id":4,"bbox":[179,144,60,44],"area":2640,"segmentation":[],"iscrowd":0},{"id":211,"image_id":74,"category_id":3,"bbox":[245,119,28,26],"area":728,"segmentation":[],"iscrowd":0},{"id":212,"image_id":75,"category_id":4,"bbox":[162,138,61,47],"area":2867,"segmentation":[],"iscrowd":0},{"id":213,"image_id":76,"category_id":5,"bbox":[13,142,52,35],"area":1820,"segmentation":[],"iscrowd":0},{"id":214,"image_id":76,"category_id":6,"bbox":[203,91,36,24],"area":864,"segmentation":[],"iscrowd":0},{"id":215,"image_id":76,"category_id":4,"bbox":[202,111,32,19],"area":608,"segmentation":[],"iscrowd":0},{"id":216,"image_id":77,"category_id":5,"bbox":[159,140,71,60],"area":4260,"segmentation":[],"iscrowd":0},{"id":217,"image_id":77,"category_id":5,"bbox":[218,112,36,31],"area":1116,"segmentation":[],"iscrowd":0},{"id":218,"image_id":78,"category_id":4,"bbox":[129,152,80,58],"area":4640,"segmentation":[],"iscrowd":0},{"id":219,"image_id":78,"category_id":6,"bbox":[44,140,83,43],"area":3569,"segmentation":[],"iscrowd":0},{"id":220,"image_id":78,"category_id":4,"bbox":[128,114,42,27],"area":1134,"segmentation":[],"iscrowd":0},{"id":221,"image_id":78,"category_id":4,"bbox":[219,98,23,17],"area":391,"segmentation":[],"iscrowd":0},{"id":222,"image_id":78,"category_id":5,"bbox":[240,109,28,26],"area":728,"segmentation":[],"iscrowd":0},{"id":223,"image_id":79,"category_id":2,"bbox":[36,119,69,54],"area":3726,"segmentation":[],"iscrowd":0},{"id":224,"image_id":79,"category_id":2,"bbox":[169,94,44,33],"area":1452,"segmentation":[],"iscrowd":0},{"id":225,"image_id":80,"category_id":6,"bbox":[170,112,59,27],"area":1593,"segmentation":[],"iscrowd":0},{"id":226,"image_id":80,"category_id":4,"bbox":[136,115,36,22],"area":792,"segmentation":[],"iscrowd":0},{"id":227,"image_id":80,"category_id":1,"bbox":[168,134,36,34],"area":1224,"segmentation":[],"iscrowd":0},{"id":228,"image_id":81,"category_id":4,"bbox":[67,127,60,38],"area":2280,"segmentation":[],"iscrowd":0},{"id":229,"image_id":82,"category_id":4,"bbox":[121,113,46,29],"area":1334,"segmentation":[],"iscrowd":0},{"id":230,"image_id":82,"category_id":4,"bbox":[15,149,71,50],"area":3550,"segmentation":[],"iscrowd":0},{"id":231,"image_id":82,"category_id":4,"bbox":[208,126,42,34],"area":1428,"segmentation":[],"iscrowd":0},{"id":232,"image_id":82,"category_id":5,"bbox":[207,99,26,18],"area":468,"segmentation":[],"iscrowd":0},{"id":233,"image_id":83,"category_id":2,"bbox":[14,111,86,69],"area":5934,"segmentation":[],"iscrowd":0},{"id":234,"image_id":83,"category_id":4,"bbox":[122,147,65,50],"area":3250,"segmentation":[],"iscrowd":0},{"id":235,"image_id":84,"category_id":4,"bbox":[173,106,38,25],"area":950,"segmentation":[],"iscrowd":0},{"id":236,"image_id":84,"category_id":2,"bbox":[240,97,16,19],"area":304,"segmentation":[],"iscrowd":0},{"id":237,"image_id":85,"category_id":2,"bbox":[158,104,59,46],"area":2714,"segmentation":[],"iscrowd":0},{"id":238,"image_id":86,"category_id":1,"bbox":[85,139,43,39],"area":1677,"segmentation":[],"iscrowd":0},{"id":239,"image_id":86,"category_id":6,"bbox":[215,94,27,20],"area":540,"segmentation":[],"iscrowd":0},{"id":240,"image_id":86,"category_id":4,"bbox":[195,127,47,36],"area":1692,"segmentation":[],"iscrowd":0},{"id":241,"image_id":87,"category_id":5,"bbox":[0,141,44,44],"area":1936,"segmentation":[],"iscrowd":0},{"id":242,"image_id":87,"category_id":4,"bbox":[111,115,54,28],"area":1512,"segmentation":[],"iscrowd":0},{"id":243,"image_id":87,"category_id":4,"bbox":[236,98,16,13],"area":208,"segmentation":[],"iscrowd":0},{"id":244,"image_id":88,"category_id":4,"bbox":[191,132,49,39],"area":1911,"segmentation":[],"iscrowd":0},{"id":245,"image_id":89,"category_id":4,"bbox":[125,113,49,31],"area":1519,"segmentation":[],"iscrowd":0},{"id":246,"image_id":89,"category_id":7,"bbox":[168,130,47,33],"area":1551,"segmentation":[],"iscrowd":0},{"id":247,"image_id":89,"category_id":5,"bbox":[235,96,18,15],"area":270,"segmentation":[],"iscrowd":0},{"id":248,"image_id":89,"category_id":5,"bbox":[238,111,26,22],"area":572,"segmentation":[],"iscrowd":0},{"id":249,"image_id":90,"category_id":5,"bbox":[93,128,62,38],"area":2356,"segmentation":[],"iscrowd":0},{"id":250,"image_id":90,"category_id":4,"bbox":[141,138,69,52],"area":3588,"segmentation":[],"iscrowd":0},{"id":251,"image_id":90,"category_id":5,"bbox":[169,105,38,28],"area":1064,"segmentation":[],"iscrowd":0},{"id":252,"image_id":90,"category_id":6,"bbox":[227,118,35,28],"area":980,"segmentation":[],"iscrowd":0},{"id":253,"image_id":91,"category_id":4,"bbox":[138,113,40,19],"area":760,"segmentation":[],"iscrowd":0},{"id":254,"image_id":91,"category_id":5,"bbox":[159,116,46,26],"area":1196,"segmentation":[],"iscrowd":0},{"id":255,"image_id":91,"category_id":6,"bbox":[167,133,67,45],"area":3015,"segmentation":[],"iscrowd":0},{"id":256,"image_id":92,"category_id":2,"bbox":[181,90,47,34],"area":1598,"segmentation":[],"iscrowd":0},{"id":257,"image_id":93,"category_id":2,"bbox":[63,110,62,49],"area":3038,"segmentation":[],"iscrowd":0},{"id":258,"image_id":93,"category_id":2,"bbox":[153,102,66,50],"area":3300,"segmentation":[],"iscrowd":0},{"id":259,"image_id":93,"category_id":5,"bbox":[220,100,24,17],"area":408,"segmentation":[],"iscrowd":0},{"id":260,"image_id":94,"category_id":4,"bbox":[205,124,43,34],"area":1462,"segmentation":[],"iscrowd":0},{"id":261,"image_id":95,"category_id":5,"bbox":[165,121,53,41],"area":2173,"segmentation":[],"iscrowd":0},{"id":262,"image_id":96,"category_id":2,"bbox":[182,116,64,58],"area":3712,"segmentation":[],"iscrowd":0},{"id":263,"image_id":97,"category_id":4,"bbox":[169,106,36,21],"area":756,"segmentation":[],"iscrowd":0},{"id":264,"image_id":97,"category_id":4,"bbox":[198,118,35,25],"area":875,"segmentation":[],"iscrowd":0},{"id":265,"image_id":97,"category_id":4,"bbox":[217,104,28,17],"area":476,"segmentation":[],"iscrowd":0},{"id":266,"image_id":98,"category_id":4,"bbox":[183,105,33,20],"area":660,"segmentation":[],"iscrowd":0},{"id":267,"image_id":98,"category_id":5,"bbox":[207,114,48,40],"area":1920,"segmentation":[],"iscrowd":0},{"id":268,"image_id":99,"category_id":6,"bbox":[193,102,32,19],"area":608,"segmentation":[],"iscrowd":0},{"id":269,"image_id":99,"category_id":4,"bbox":[225,125,36,30],"area":1080,"segmentation":[],"iscrowd":0},{"id":270,"image_id":100,"category_id":4,"bbox":[180,130,57,44],"area":2508,"segmentation":[],"iscrowd":0},{"id":271,"image_id":101,"category_id":4,"bbox":[68,137,70,46],"area":3220,"segmentation":[],"iscrowd":0},{"id":272,"image_id":101,"category_id":5,"bbox":[142,129,64,50],"area":3200,"segmentation":[],"iscrowd":0},{"id":273,"image_id":101,"category_id":4,"bbox":[213,100,27,20],"area":540,"segmentation":[],"iscrowd":0},{"id":274,"image_id":102,"category_id":4,"bbox":[108,117,50,32],"area":1600,"segmentation":[],"iscrowd":0},{"id":275,"image_id":102,"category_id":3,"bbox":[196,114,36,25],"area":900,"segmentation":[],"iscrowd":0},{"id":276,"image_id":102,"category_id":7,"bbox":[1,154,61,42],"area":2562,"segmentation":[],"iscrowd":0},{"id":277,"image_id":103,"category_id":6,"bbox":[37,132,66,33],"area":2178,"segmentation":[],"iscrowd":0},{"id":278,"image_id":103,"category_id":2,"bbox":[129,99,52,34],"area":1768,"segmentation":[],"iscrowd":0},{"id":279,"image_id":103,"category_id":4,"bbox":[82,139,76,43],"area":3268,"segmentation":[],"iscrowd":0},{"id":280,"image_id":103,"category_id":4,"bbox":[181,115,39,24],"area":936,"segmentation":[],"iscrowd":0},{"id":281,"image_id":103,"category_id":4,"bbox":[181,135,60,43],"area":2580,"segmentation":[],"iscrowd":0},{"id":282,"image_id":103,"category_id":5,"bbox":[184,96,40,21],"area":840,"segmentation":[],"iscrowd":0},{"id":283,"image_id":103,"category_id":2,"bbox":[229,90,27,20],"area":540,"segmentation":[],"iscrowd":0},{"id":284,"image_id":103,"category_id":4,"bbox":[249,117,27,21],"area":567,"segmentation":[],"iscrowd":0},{"id":285,"image_id":104,"category_id":4,"bbox":[142,127,61,44],"area":2684,"segmentation":[],"iscrowd":0},{"id":286,"image_id":105,"category_id":4,"bbox":[231,123,34,27],"area":918,"segmentation":[],"iscrowd":0},{"id":287,"image_id":106,"category_id":5,"bbox":[73,118,53,39],"area":2067,"segmentation":[],"iscrowd":0},{"id":288,"image_id":106,"category_id":2,"bbox":[207,104,33,20],"area":660,"segmentation":[],"iscrowd":0},{"id":289,"image_id":106,"category_id":1,"bbox":[224,120,22,22],"area":484,"segmentation":[],"iscrowd":0},{"id":290,"image_id":106,"category_id":2,"bbox":[234,90,22,18],"area":396,"segmentation":[],"iscrowd":0},{"id":291,"image_id":107,"category_id":4,"bbox":[196,132,50,38],"area":1900,"segmentation":[],"iscrowd":0},{"id":292,"image_id":107,"category_id":4,"bbox":[0,169,44,46],"area":2024,"segmentation":[],"iscrowd":0},{"id":293,"image_id":107,"category_id":4,"bbox":[1,151,23,19],"area":437,"segmentation":[],"iscrowd":0},{"id":294,"image_id":108,"category_id":2,"bbox":[134,105,46,28],"area":1288,"segmentation":[],"iscrowd":0},{"id":295,"image_id":108,"category_id":5,"bbox":[0,145,18,36],"area":648,"segmentation":[],"iscrowd":0},{"id":296,"image_id":108,"category_id":5,"bbox":[158,133,59,50],"area":2950,"segmentation":[],"iscrowd":0},{"id":297,"image_id":108,"category_id":4,"bbox":[242,98,13,14],"area":182,"segmentation":[],"iscrowd":0},{"id":298,"image_id":109,"category_id":4,"bbox":[96,118,57,32],"area":1824,"segmentation":[],"iscrowd":0},{"id":299,"image_id":109,"category_id":6,"bbox":[188,111,40,27],"area":1080,"segmentation":[],"iscrowd":0},{"id":300,"image_id":110,"category_id":4,"bbox":[216,122,37,30],"area":1110,"segmentation":[],"iscrowd":0},{"id":301,"image_id":111,"category_id":4,"bbox":[54,141,70,47],"area":3290,"segmentation":[],"iscrowd":0},{"id":302,"image_id":111,"category_id":5,"bbox":[110,114,48,31],"area":1488,"segmentation":[],"iscrowd":0},{"id":303,"image_id":111,"category_id":2,"bbox":[222,95,24,19],"area":456,"segmentation":[],"iscrowd":0},{"id":304,"image_id":111,"category_id":5,"bbox":[1,182,41,53],"area":2173,"segmentation":[],"iscrowd":0},{"id":305,"image_id":112,"category_id":4,"bbox":[214,102,24,18],"area":432,"segmentation":[],"iscrowd":0},{"id":306,"image_id":113,"category_id":4,"bbox":[141,112,40,25],"area":1000,"segmentation":[],"iscrowd":0},{"id":307,"image_id":113,"category_id":5,"bbox":[220,105,30,23],"area":690,"segmentation":[],"iscrowd":0},{"id":308,"image_id":114,"category_id":5,"bbox":[3,138,53,46],"area":2438,"segmentation":[],"iscrowd":0},{"id":309,"image_id":114,"category_id":2,"bbox":[203,93,31,25],"area":775,"segmentation":[],"iscrowd":0},{"id":310,"image_id":114,"category_id":6,"bbox":[179,129,57,39],"area":2223,"segmentation":[],"iscrowd":0},{"id":311,"image_id":115,"category_id":4,"bbox":[103,118,53,30],"area":1590,"segmentation":[],"iscrowd":0},{"id":312,"image_id":115,"category_id":6,"bbox":[225,106,27,16],"area":432,"segmentation":[],"iscrowd":0},{"id":313,"image_id":115,"category_id":1,"bbox":[233,120,21,22],"area":462,"segmentation":[],"iscrowd":0},{"id":314,"image_id":116,"category_id":4,"bbox":[134,119,57,38],"area":2166,"segmentation":[],"iscrowd":0},{"id":315,"image_id":117,"category_id":4,"bbox":[27,137,54,37],"area":1998,"segmentation":[],"iscrowd":0},{"id":316,"image_id":117,"category_id":2,"bbox":[122,103,74,56],"area":4144,"segmentation":[],"iscrowd":0},{"id":317,"image_id":117,"category_id":4,"bbox":[227,112,28,22],"area":616,"segmentation":[],"iscrowd":0},{"id":318,"image_id":118,"category_id":4,"bbox":[145,110,41,25],"area":1025,"segmentation":[],"iscrowd":0},{"id":319,"image_id":119,"category_id":4,"bbox":[209,122,40,32],"area":1280,"segmentation":[],"iscrowd":0},{"id":320,"image_id":120,"category_id":6,"bbox":[202,107,42,24],"area":1008,"segmentation":[],"iscrowd":0}]}